{
    "ik_hand": {"vertices": [[-1, -1, -1], [-1, -1, 1], [-1, 1, -1], [-1, 1, 1], [1, -1, -1], [1, -1, 1], [1, 1, -1], [1, 1, 1]], "edges": [[0,1], [0,2], [0,4], [1,3], [1,5], [2,3], [2,6], [3,7], [4,5], [4,6], [5,7], [6,7]], "faces": []}, "poleTarget": {"vertices": [[0.0, 1.0, 0.0], [-0.19509032368659973, 0.9807852506637573, 0.0], [-0.3826834559440613, 0.9238795042037964, 0.0], [-0.5555702447891235, 0.8314695954322815, 0.0], [-0.7071067690849304, 0.7071067690849304, 0.0], [-0.8314695954322815, 0.5555702447891235, 0.0], [-0.9238795042037964, 0.3826834261417389, 0.0], [-0.9807852506637573, 0.19509035348892212, 0.0], [-1.0, -4.371138828673793e-08, 0.0], [-0.9807852506637573, -0.19509032368659973, 0.0], [-0.9238795638084412, -0.3826833963394165, 0.0], [-0.8314696550369263, -0.5555701851844788, 0.0], [-0.7071067690849304, -0.7071067690849304, 0.0], [-0.5555701851844788, -0.8314696550369263, 0.0], [-0.38268348574638367, -0.9238795042037964, 0.0], [-0.19509030878543854, -0.9807853102684021, 0.0], [0.19509024918079376, -0.9807853102684021, 0.0], [0.3826834261417389, -0.9238795042037964, 0.0], [0.5555703043937683, -0.8314695358276367, 0.0], [0.7071067094802856, -0.7071068286895752, 0.0], [0.8314694762229919, -0.5555704236030579, 0.0], [0.9238795042037964, -0.38268357515335083, 0.0], [0.9807852506637573, -0.1950903832912445, 0.0], [1.0, 1.1924880638503055e-08, 0.0], [0.9807852506637573, 0.1950904130935669, 0.0], [0.9238794445991516, 0.3826836049556732, 0.0], [0.831469714641571, 0.5555700659751892, 0.0], [0.70710688829422, 0.7071067094802856, 0.0], [0.5555703043937683, 0.8314695954322815, 0.0], [0.3826834261417389, 0.9238795638084412, 0.0], [0.19509023427963257, 0.9807853102684021, 0.0], [-1.4728909647487853e-08, 0.9807852506637573, -0.19509032368659973], [-2.8891797398955532e-08, 0.9238795042037964, -0.3826834559440613], [-4.194438574245396e-08, 0.8314695954322815, -0.5555702447891235], [-5.338507591545749e-08, 0.7071067690849304, -0.7071067690849304], [-6.277421249478721e-08, 0.5555702447891235, -0.8314695954322815], [-6.975096056294205e-08, 0.3826834261417389, -0.9238795042037964], [-7.404722879300607e-08, 0.19509035348892212, -0.9807852506637573], [-7.549790126404332e-08, -4.371138828673793e-08, -1.0], [-7.404722879300607e-08, -0.19509032368659973, -0.9807852506637573], [-6.975096766836941e-08, -0.3826833963394165, -0.9238795638084412], [-6.277421249478721e-08, -0.5555701851844788, -0.8314696550369263], [-5.338507591545749e-08, -0.7071067690849304, -0.7071067690849304], [-4.194438218974028e-08, -0.8314696550369263, -0.5555701851844788], [-2.889179917531237e-08, -0.9238795042037964, -0.38268348574638367], [-1.4728908759309434e-08, -0.9807853102684021, -0.19509030878543854], [6.6002361555513294e-15, -1.0, 8.742277657347586e-08], [1.4728904318417335e-08, -0.9807853102684021, 0.19509024918079376], [2.8891795622598693e-08, -0.9238795042037964, 0.3826834261417389], [4.194439284788132e-08, -0.8314695358276367, 0.5555703043937683], [5.338507236274381e-08, -0.7071068286895752, 0.7071067094802856], [6.277419828393249e-08, -0.5555704236030579, 0.8314694762229919], [6.975096056294205e-08, -0.38268357515335083, 0.9238795042037964], [7.404722879300607e-08, -0.1950903832912445, 0.9807852506637573], [7.404722879300607e-08, 0.1950904130935669, 0.9807852506637573], [6.975096056294205e-08, 0.3826836049556732, 0.9238794445991516], [6.277421960021456e-08, 0.5555700659751892, 0.831469714641571], [5.338508657359853e-08, 0.7071067094802856, 0.70710688829422], [4.194439284788132e-08, 0.8314695954322815, 0.5555703043937683], [2.8891795622598693e-08, 0.9238795638084412, 0.3826834261417389], [1.4728903430238915e-08, 0.9807853102684021, 0.19509023427963257], [-0.9807852506637573, -4.2871484140505345e-08, -0.19509024918079376], [-0.9238795042037964, -4.038405521100685e-08, -0.3826833963394165], [-0.8314696550369263, -3.634469081248426e-08, -0.5555701851844788], [-0.7071068286895752, -3.0908619663705394e-08, -0.7071067094802856], [-0.5555703043937683, -2.4284746658054246e-08, -0.8314695358276367], [-0.38268348574638367, -1.672762373061687e-08, -0.9238795042037964], [-0.1950904279947281, -8.527670125602071e-09, -0.9807852506637573], [0.19509024918079376, 8.527669237423652e-09, -0.9807852506637573], [0.38268333673477173, 1.672762195426003e-08, -0.9238795638084412], [0.555570125579834, 2.4284744881697407e-08, -0.831469714641571], [0.7071067094802856, 3.0908619663705394e-08, -0.7071068286895752], [0.8314695954322815, 3.634469436519794e-08, -0.5555702447891235], [0.9238795042037964, 4.038405521100685e-08, -0.38268354535102844], [0.9807853102684021, 4.2871487693219024e-08, -0.1950903832912445], [0.9807853102684021, 4.2871487693219024e-08, 0.1950901746749878], [0.9238795042037964, 4.038405521100685e-08, 0.3826833665370941], [0.8314695954322815, 3.634468725977058e-08, 0.5555702447891235], [0.70710688829422, 3.0908619663705394e-08, 0.7071066498756409], [0.5555704832077026, 2.4284753763481604e-08, 0.8314694166183472], [0.3826836347579956, 1.6727630836044227e-08, 0.9238795042037964], [0.19509045779705048, 8.527671901958911e-09, 0.9807852506637573], [6.357301884918343e-08, -5.212530643119821e-16, 1.0], [-0.19509033858776093, -8.52767279013733e-09, 0.9807852506637573], [-0.38268354535102844, -1.6727630836044227e-08, 0.9238794445991516], [-0.5555700063705444, -2.4284739552626888e-08, 0.8314697742462158], [-0.7071066498756409, -3.0908616110991716e-08, 0.7071069478988647], [-0.8314695358276367, -3.634469081248426e-08, 0.5555703639984131], [-0.9238795638084412, -4.038405876372053e-08, 0.38268348574638367], [-0.9807853102684021, -4.2871487693219024e-08, 0.19509030878543854]], "edges": [[1, 0], [2, 1], [3, 2], [4, 3], [5, 4], [6, 5], [7, 6], [8, 7], [9, 8], [10, 9], [11, 10], [12, 11], [13, 12], [14, 13], [15, 14], [17, 16], [18, 17], [19, 18], [20, 19], [21, 20], [22, 21], [23, 22], [24, 23], [25, 24], [26, 25], [27, 26], [28, 27], [29, 28], [30, 29], [0, 30], [32, 31], [33, 32], [34, 33], [35, 34], [36, 35], [37, 36], [38, 37], [39, 38], [40, 39], [41, 40], [42, 41], [43, 42], [44, 43], [45, 44], [46, 45], [47, 46], [48, 47], [49, 48], [50, 49], [51, 50], [52, 51], [53, 52], [55, 54], [56, 55], [57, 56], [58, 57], [59, 58], [60, 59], [62, 61], [63, 62], [64, 63], [65, 64], [66, 65], [67, 66], [69, 68], [70, 69], [71, 70], [72, 71], [73, 72], [74, 73], [76, 75], [77, 76], [78, 77], [79, 78], [80, 79], [81, 80], [82, 81], [83, 82], [84, 83], [85, 84], [86, 85], [87, 86], [88, 87], [89, 88], [46, 15], [16, 46], [31, 0], [82, 53], [54, 82], [0, 60], [61, 8], [38, 67], [68, 38], [23, 74], [75, 23], [8, 89]], "faces": []},